id,email,mobile,name
110201,aadi.jain@tcs.com,9000900901,aadi
110202,aak_17yad@yahoo.co.in,9000900902,aak_17yad
110203,aakashrshah@rediffmail.com,9000900903,aakashrshah
110204,aakashzy@gmail.com,9000900904,aakashzy
110205,aaleya15@yahoo.com,9000900905,aaleya15
110206,aaliya.zarrin@gmail.com,9000900906,aaliyazarrin
110207,aamironnet@gmail.com,9000900907,aamironnet
110208,aanchaltri@gmail.com,9000900908,aanchaltri
110209,aanji009@yahoo.co.in,9000900909,aanji009
110210,aarthi.s@polaris.co.in,9000900910,aarthis
110211,aartig@gmail.com,9000900911,aartig
110212,aarun_kumar12@yahoo.co.in,9000900912,aarun_kumar12
110213,aarunprabhakar@gmail.com,9000900913,aarunprabhakar
110214,aarvraj@gmail.com,9000900914,aarvraj
110215,aashish.dx@gmail.com,9000900915,aashishdx
110216,aashris@yahoo.co.in,9000900916,aashris
110217,aathu_aathu@yahoo.com,9000900917,aathu_aathu
110218,ab.pinky.verma@gmail.com,9000900918,abpinkyverma
110219,abbaraju2000@gmail.com,9000900919,abbaraju2000
110220,abbaraju2000@yahoo.com,9000900920,abbaraju2000
110221,abbasirh@gmail.com,9000900921,abbasirh
110222,abc.shivajee@gmail.com,9000900922,abcshivajee
110223,abcxyz1887@gmail.com,9000900923,abcxyz1887
110224,abd_sajeed@yahoo.co.in,9000900924,abd_sajeed
110225,abdu1981@rediffmail.com,9000900925,abdu1981
110226,abdul.satellite@gmail.com,9000900926,abdulsatellite
110227,abdul_foru@yahoo.co.in,9000900927,abdul_foru
110228,abdul2007_jabbar@yahoo.co.in,9000900928,abdul2007_jabbar
110229,abdullahmail2010@rediffmail.com,9000900929,abdullahmail2010
110230,abdulrahim408@gmail.com,9000900930,abdulrahim408
110231,abdulrahman8884@gmail.com,9000900931,abdulrahman8884
110232,abdulsattar3074@yahoo.com,9000900932,abdulsattar3074
110233,abdur_gcect@yahoo.com,9000900933,abdur_gcect
110234,abdus@vsnl.com,9000900934,abdus
110235,abeer_saxena2000@yahoo.com,9000900935,abeer_saxena2000
110236,abelash_3_teen@yahoo.co.in,9000900936,abelash_3_teen
110237,abhassureka@rediffmail.com,9000900937,abhassureka
110238,abhay.joshi@tcs.com,9000900938,abhayjoshi
110239,abhay_0852@yahoo.co.in,9000900939,abhay_0852
110240,abhay_ismd@yahoo.com,9000900940,abhay_ismd
110241,abhay_nit86@yahoo.com,9000900941,abhay_nit86
110242,abhay1982@gmail.com,9000900942,abhay1982
110243,abhay8176@rediffmail.com,9000900943,abhay8176
110244,abhayaprakash31@gmail.com,9000900944,abhayaprakash31
110245,abhayawtar83@gmail.com,9000900945,abhayawtar83
110246,abhayrajasati@gmail.com,9000900946,abhayrajasati
110247,abhaysoni@hotmail.com,9000900947,abhaysoni
110248,abheeshekbathija@gmail.com,9000900948,abheeshekbathija
110249,abhi.b75@gmail.com,9000900949,abhib75
110250,abhi.komarla@gmail.com,9000900950,abhikomarla
110251,abhi.lex@gmail.com,9000900951,abhilex
110252,abhi.sonu24@gmail.com,9000900952,abhisonu24
110253,abhi.srmcivil@gmail.com,9000900953,abhisrmcivil
110254,abhi.tyco@gmail.com,9000900954,abhityco
110255,abhi.vkumar@gmail.com,9000900955,abhivkumar
110256,abhi.ydv.09@gmail.com,9000900956,abhiydv09
110257,abhi_dd1687@yahoo.com,9000900957,abhi_dd1687
110258,abhi_hbti@yahoo.com,9000900958,abhi_hbti
110259,abhi_kedia2001@yahoo.com,9000900959,abhi_kedia2001
110260,abhi_sony@rediffmail.com,9000900960,abhi_sony
110261,abhi00725@gmail.com,9000900961,abhi00725
110262,abhi0141@gmail.com,9000900962,abhi0141
110263,abhi1512@gmail.com,9000900963,abhi1512
110264,abhi2421@yahoo.com,9000900964,abhi2421
110265,abhi6512@yahoo.com,9000900965,abhi6512
110266,abhi8527@gmail.com,9000900966,abhi8527
110267,abhidixit0@gmail.com,9000900967,abhidixit0
110268,abhielk@gmail.com,9000900968,abhielk
110269,abhigec.2008@rediffmail.com,9000900969,abhigec2008
110270,abhigupta43@gmail.com,9000900970,abhigupta43
110271,abhijaya2002@gmail.com,9000900971,abhijaya2002
110272,abhijeet.anand007@gmail.com,9000900972,abhijeetanand007
110273,abhijeetphoto@gmail.com,9000900973,abhijeetphoto
110274,abhijit.852003@gmail.com,9000900974,abhijit852003
110275,ABHIJIT_ANAND22@YAHOO.COM,9000900975,ABHIJIT_ANAND22
110276,abhijit_ray@rediffmail.com,9000900976,abhijit_ray
110277,abhijitbasumallick@yahoo.com,9000900977,abhijitbasumallick
110278,abhijitsur@yahoo.com,9000900978,abhijitsur
110279,Abhilash.srivastav@yahoo.com,9000900979,Abhilashsrivastav
110280,abhilash_1delhi@rediffmail.com,9000900980,abhilash_1delhi
110281,abhilasha_2708@yahoo.co.in,9000900981,abhilasha_2708
110282,abhilashdv@gmail.com,9000900982,abhilashdv
110283,abhilashnair_212003@yahoo.co.in,9000900983,abhilashnair_212003
110284,abhilashpm2@gmail.com,9000900984,abhilashpm2
110285,abhilashpremaraj@gmail.com,9000900985,abhilashpremaraj
110286,abhimanyu033@gmail.com,9000900986,abhimanyu033
110287,abhimanyurajsingh@gmail.com,9000900987,abhimanyurajsingh
110288,abhinav.chourasia@rediffmail.com,9000900988,abhinavchourasia
110289,abhinav.sit@gmail.com,9000900989,abhinavsit
110290,abhinav_goyal1512@rediffmail.com,9000900990,abhinav_goyal1512
110291,abhinav_johnson@yahoo.com,9000900991,abhinav_johnson
110292,abhinavduaad@gmail.com,9000900992,abhinavduaad
110293,abhinavgirish@rediffmail.com,9000900993,abhinavgirish
110294,abhinavkalyanreddy@gmail.com,9000900994,abhinavkalyanreddy
110295,abhinavparihar.iift@gmail.com,9000900995,abhinavparihariift
110296,abhinavsinghvi@gmail.com,9000900996,abhinavsinghvi
110297,abhinavsri01@gmail.com,9000900997,abhinavsri01
110298,abhinay.singh.nitw@gmail.com,9000900998,abhinaysinghnitw
110299,abhinay_varsh@yahoo.com,9000900999,abhinay_varsh
110300,abhinit.mittal@gmail.com,9000901000,abhinitmittal
110301,abhiramisivashankar@gmail.com,9000901001,abhiramisivashankar
110302,abhiramnirjogi@gmail.com,9000901002,abhiramnirjogi
110303,abhisek.agrawal@gmail.com,9000901003,abhisekagrawal
110304,abhisek1.b@tcs.com,9000901004,abhisek1b
110305,abhisekmazumder@ymail.com,9000901005,abhisekmazumder
110306,abhishek.dubey@aircel.co.in,9000901006,abhishekdubey
110307,abhishek.eowyn@gmail.com,9000901007,abhishekeowyn
110308,abhishek.kr83@gmail.com,9000901008,abhishekkr83
110309,abhishek.m.10@gmail.com,9000901009,abhishekm10
110310,abhishek.srm86@gmail.com,9000901010,abhisheksrm86
110311,abhishek.vishwanath@gmail.com,9000901011,abhishekvishwanath
110312,abhishek_mishra10@rediffmail.com,9000901012,abhishek_mishra10
110313,abhishek_nice007@yahoo.co.in,9000901013,abhishek_nice007
110314,abhishek10019@gmail.com,9000901014,abhishek10019
110315,abhishek14dbc@gmail.com,9000901015,abhishek14dbc
110316,abhishek3kumar@gmail.com,9000901016,abhishek3kumar
110317,abhishek4.r@tcs.com,9000901017,abhishek4r
110318,abhishekapoor9@gmail.com,9000901018,abhishekapoor9
110319,abhishekdayma@in.com,9000901019,abhishekdayma
110320,abhishekdeep@gmail.com,9000901020,abhishekdeep
110321,abhishekgoyal2006@yahoo.co.in,9000901021,abhishekgoyal2006
110322,abhishekkumar.tiwari@rediffmail.com,9000901022,abhishekkumartiwari
110323,abhishekkumar2323@gmail.com,9000901023,abhishekkumar2323
110324,abhishekpandey84@gmail.com,9000901024,abhishekpandey84
110325,abhisheks11@rediffmail.com,9000901025,abhisheks11
110326,abhishektitus@gmail.com,9000901026,abhishektitus
110327,abhishektripathi56@gmail.com,9000901027,abhishektripathi56
110328,abhishikar@yahoo.com,9000901028,abhishikar
110329,abhishk_01@rediffmail.com,9000901029,abhishk_01
110330,abhisocool87@gmail.com,9000901030,abhisocool87
110331,abhitabhchoubey@gmail.com,9000901031,abhitabhchoubey
110332,abhyudayanand@gmail.com,9000901032,abhyudayanand
110333,abidibhel@yahoo.co.in,9000901033,abidibhel
110334,abijarbhori@rediffmail.com,9000901034,abijarbhori
110335,abinbaby@in.com,9000901035,abinbaby
110336,abindh@gmail.com,9000901036,abindh
110337,abiramanar@yahoo.co.in,9000901037,abiramanar
110338,abishek_violin@hotmail.com,9000901038,abishek_violin
110339,aboutvamsi@yahoo.com,9000901039,aboutvamsi
110340,abrar_0011@rediffmail.com,9000901040,abrar_0011
110341,absmau@yahoo.co.in,9000901041,absmau
110342,abu252002@yahoo.co.in,9000901042,abu252002
110343,abuzar_azmi@yahoo.com,9000901043,abuzar_azmi
110344,AC4YOU.100@GMAIL.COM,9000901044,AC4YOU100
110345,acct@andhrabank.co.in,9000901045,acct
110346,acdhara@gmail.com,9000901046,acdhara
110347,achalpr@gmail.com,9000901047,achalpr
110348,achandramohanreddy@gmail.com,9000901048,achandramohanreddy
110349,acharyuluncvrr@yahoo.co.in,9000901049,acharyuluncvrr
110350,achu.kalome@gmail.com,9000901050,achukalome
110351,achuneha123@gmail.com,9000901051,achuneha123
110352,acjrajesh@gmail.com,9000901052,acjrajesh
110353,aclmsg@yahoo.com,9000901053,aclmsg
110354,acnitjsr@gmail.com,9000901054,acnitjsr
110355,acp_raghu@yahoo.co.in,9000901055,acp_raghu
110356,actprem@yahoo.co.in,9000901056,actprem
110357,ad_mast009@yahoo.com,9000901057,ad_mast009
110358,adam.malik@hotmail.com,9000901058,adammalik
110359,adapa.anupama@gmail.com,9000901059,adapaanupama
110360,adapa512@gmail.com,9000901060,adapa512
110361,adapaka@gmail.com,9000901061,adapaka
110362,adarsh.vamsi@gmail.com,9000901062,adarshvamsi
110363,adarshpand@gmail.com,9000901063,adarshpand
110364,adarshs004@gmail.com,9000901064,adarshs004
110365,adarshsen@gmail.com,9000901065,adarshsen
110366,adarshsonu@gmail.com,9000901066,adarshsonu
110367,addepalli.pavani@gmail.com,9000901067,addepallipavani
110368,addressmadan@gmail.com,9000901068,addressmadan
110369,adhikari_mec@yahoo.co.in,9000901069,adhikari_mec
110370,ADISINGH6@GMAIL.COM,9000901070,ADISINGH6
110371,aditigupta@usa.com,9000901071,aditigupta
110372,ADITYA.BPM@mahindranavistar.com,9000901072,ADITYABPM
110373,aditya.giriraj@hotmail.com,9000901073,adityagiriraj
110374,aditya.sankarrsk@gmail.com,9000901074,adityasankarrsk
110375,aditya.sr@gmail.com,9000901075,adityasr
110376,aditya_friend89@yahoo.co.in,9000901076,aditya_friend89
110377,aditya_padhy@yahoo.co.in,9000901077,aditya_padhy
110378,adityadeshmukh12@yahoo.com,9000901078,adityadeshmukh12
110379,adityakumarmech@yahoo.co.in,9000901079,adityakumarmech
110380,adityasaggar1@yahoo.co.in,9000901080,adityasaggar1
110381,adityasastryb@gmail.com,9000901081,adityasastryb
110382,adityasharma_333@yahoo.com,9000901082,adityasharma_333
110383,admin@ramaply.com,9000901083,admin
110384,adnand1@hotmail.com,9000901084,adnand1
110385,adnanshamsie@gmail.com,9000901085,adnanshamsie
110386,adnansid_2007@rediffmail.com,9000901086,adnansid_2007
110387,adorablegolu@gmail.com,9000901087,adorablegolu
110388,advaitham@gmail.com,9000901088,advaitham
110389,adveta.dwivedi@gmail.com,9000901089,advetadwivedi
110390,advocatekuldeep@rediffmail.com,9000901090,advocatekuldeep
110391,advshobhan@gmail.com,9000901091,advshobhan
110392,aels@rediffmail.com,9000901092,aels
110393,aeo1@rediffmail.com,9000901093,aeo1
110394,aeropillai@gmail.com,9000901094,aeropillai
110395,affablesai@yahoo.co.in,9000901095,affablesai
110396,afshaik4@gmail.com,9000901096,afshaik4
110397,afzalkarim@gmail.com,9000901097,afzalkarim
110398,agadinesh@gmail.com,9000901098,agadinesh
110399,aganapathy@csc.com,9000901099,aganapathy
110400,agar.ankur@gmail.com,9000901100,agarankur
110401,agarwal.c@gmail.com,9000901101,agarwalc
110402,agarwal.shivang@gmail.com,9000901102,agarwalshivang
110403,agarwalharsit@gmail.com,9000901103,agarwalharsit
110404,agasthiraghu@gmail.com,9000901104,agasthiraghu
110405,agastisubas@yahoo.com,9000901105,agastisubas
110406,aggvishal@gmail.com,9000901106,aggvishal
110407,agrawal.saurabh@wipro.com,9000901107,agrawalsaurabh
110408,agrawal_ankit123@yahoo.com,9000901108,agrawal_ankit123
110409,agrawal_ruchir@yahoo.com,9000901109,agrawal_ruchir
110410,agrawalprashant_bhu@yahoo.com,9000901110,agrawalprashant_bhu
110411,agreet12@gmail.com,9000901111,agreet12
110412,aguptaiipm@gmail.com,9000901112,aguptaiipm
110413,ahazra75@rediffmail.com,9000901113,ahazra75
110414,ahila3@gmail.com,9000901114,ahila3
110415,ahmad.arbaz@gmail.com,9000901115,ahmadarbaz
110416,ahmad.ekhlaque@gmail.com,9000901116,ahmadekhlaque
110417,ahmadfarid2@rediffmail.com,9000901117,ahmadfarid2
110418,ahmed_baig_w@yahoo.com,9000901118,ahmed_baig_w
110419,ahmedcet@gmail.com,9000901119,ahmedcet
110420,ahmedirfan71@gmail.com,9000901120,ahmedirfan71
110421,ahmedmaswood@yahoo.com,9000901121,ahmedmaswood
110422,aiman123in2001@yahoo.com,9000901122,aiman123in2001
110423,aimenon1956@yahoo.co.in,9000901123,aimenon1956
110424,airsweep1@rediffmail.com,9000901124,airsweep1
110425,aishukla@rediffmail.com,9000901125,aishukla
110426,aishwariya.cit@gmail.com,9000901126,aishwariyacit
110427,aithal2004@yahoo.co.in,9000901127,aithal2004
110428,ajacluiz@yahoo.co.in,9000901128,ajacluiz
110429,ajaipn@gmail.com,9000901129,ajaipn
110430,ajay.acharya16@gmail.com,9000901130,ajayacharya16
110431,ajay.rajput1975@gmail.com,9000901131,ajayrajput1975
110432,ajay.sharma1974@yahoo.co.in,9000901132,ajaysharma1974
110433,ajay.sv@tcs.com,9000901133,ajaysv
110434,ajay_6094@live.in,9000901134,ajay_6094
110435,ajay_gahile@rediffmail.com,9000901135,ajay_gahile
110436,ajay_pandey93@yahoo.com,9000901136,ajay_pandey93
110437,ajay_perfect@rediffmail.com,9000901137,ajay_perfect
110438,ajay_singhraj@rediffmail.com,9000901138,ajay_singhraj
110439,ajay_verma5572@yahoo.co.in,9000901139,ajay_verma5572
110440,ajay19_malik@yahoo.co.in,9000901140,ajay19_malik
110441,ajay4522@gmail.com,9000901141,ajay4522
110442,ajay8879@gmail.com,9000901142,ajay8879
110443,ajaya.leo@gmail.com,9000901143,ajayaleo
110444,ajaycaindia@rediffmail.com,9000901144,ajaycaindia
110445,ajaygrao@gmail.com,9000901145,ajaygrao
110446,ajaykadiyam@gmail.com,9000901146,ajaykadiyam
110447,ajaykashyap2009@hotmail.com,9000901147,ajaykashyap2009
110448,ajaykumar.tomar@yahoo.com,9000901148,ajaykumartomar
110449,ajaykumartiwari@hotmail.com,9000901149,ajaykumartiwari
110450,ajaym_b@yahoo.co.in,9000901150,ajaym_b
110451,ajaymaurya23@gmail.com,9000901151,ajaymaurya23
110452,ajayprakash06@gmail.com,9000901152,ajayprakash06
110453,ajaysingh2010us@gmail.com,9000901153,ajaysingh2010us
110454,ajaytech2@gmail.com,9000901154,ajaytech2
110455,ajayujjwala@yahoo.co.in,9000901155,ajayujjwala
110456,ajayviradiya@yahoo.com,9000901156,ajayviradiya
110457,ajayxox@gmail.com,9000901157,ajayxox
110458,ajeet.yadav2008@gmail.com,9000901158,ajeetyadav2008
110459,ajeet_man01@yahoo.co.in,9000901159,ajeet_man01
110460,ajeethmarlecha@gmail.com,9000901160,ajeethmarlecha
110461,ajiabh@gmail.com,9000901161,ajiabh
110462,ajirlal@yahoo.com,9000901162,ajirlal
110463,ajit.das@icicibank.com,9000901163,ajitdas
110464,ajit_ajitsingh78@yahoo.co.in,9000901164,ajit_ajitsingh78
110465,ajith_fifa@yahoo.co.in,9000901165,ajith_fifa
110466,ajith007inus@gmail.com,9000901166,ajith007inus
110467,ajith3007@gmail.com,9000901167,ajith3007
110468,ajithravikumar@gmail.com,9000901168,ajithravikumar
110469,ajitjha.mbabit@gmail.com,9000901169,ajitjhambabit
110470,ajitkumar_kk@rediffmail.com,9000901170,ajitkumar_kk
110471,ajitpatratu1@yahoo.com,9000901171,ajitpatratu1
110472,ajji.30@gmail.com,9000901172,ajji30
110473,ak.shukla2005@gmail.com,9000901173,akshukla2005
110474,ak_gowri@yahoo.co.in,9000901174,ak_gowri
110475,ak_singhmar@yahoo.co.in,9000901175,ak_singhmar
110476,ak068782@gmail.com,9000901176,ak068782
110477,akanksha.kejariwal@gmail.com,9000901177,akankshakejariwal
110478,akarthik.mca@gmail.com,9000901178,akarthikmca
110479,akash.hellsangel@gmail.com,9000901179,akashhellsangel
110480,akash.jaiswal09@gmail.com,9000901180,akashjaiswal09
110481,akashchandraroy@gmail.com,9000901181,akashchandraroy
110482,akbarbasha.md@gmail.com,9000901182,akbarbashamd
110483,akbmurugan@yahoo.com,9000901183,akbmurugan
110484,akc99@hotmail.com,9000901184,akc99
110485,akdinda@gmail.com,9000901185,akdinda
110486,aketi.surya@gmail.com,9000901186,aketisurya
110487,akhand1singh@rediffmail.com,9000901187,akhand1singh
110488,akhdu0004@gmail.com,9000901188,akhdu0004
110489,akhi_sh@rediffmail.com,9000901189,akhi_sh
110490,akhibharad@gmail.com,9000901190,akhibharad
110491,akhil.gorey@gmail.com,9000901191,akhilgorey
110492,akhil.ksh@gmail.com,9000901192,akhilksh
110493,akhil110@gmail.com,9000901193,akhil110
110494,akhil2788@gmail.com,9000901194,akhil2788
110495,akhil2909@hotmail.com,9000901195,akhil2909
110496,akhildeo@yahoo.com,9000901196,akhildeo
110497,akhilreddyjirra@gmail.com,9000901197,akhilreddyjirra
110498,akhilszone@gmail.com,9000901198,akhilszone
110499,akhilu_006@yahoo.com,9000901199,akhilu_006
110500,akhilvnsian2009@gmail.com,9000901200,akhilvnsian2009
110501,akils_m@yahoo.com,9000901201,akils_m
110502,akjha08@gmail.com,9000901202,akjha08
110503,akk4599@gmail.com,9000901203,akk4599
110504,akki802@yahoo.com,9000901204,akki802
110505,akkireddi@gmail.com,9000901205,akkireddi
110506,aklal@rbi.org.in,9000901206,aklal
110507,akmilan.milan4@gmail.com,9000901207,akmilanmilan4
110508,akojha62@yahoo.in,9000901208,akojha62
110509,akpandey.209@gmail.com,9000901209,akpandey209
110510,akpandeyka@gmail.com,9000901210,akpandeyka
110511,Aks_pharma@rediffmail.com,9000901211,Aks_pharma
110512,aks23485@gmail.com,9000901212,aks23485
110513,aksbhu@yahoo.co.uk,9000901213,aksbhu
110514,aksbmk54@GMAIL.COM,9000901214,aksbmk54
110515,akscsd_hirel@yahoo.co.in,9000901215,akscsd_hirel
110516,aksh1975@yahoo.com,9000901216,aksh1975
110517,akshartour@yahoo.com,9000901217,akshartour
110518,akshat.singhal@yahoo.co.in,9000901218,akshatsinghal
110519,akshay.azad@gmail.com,9000901219,akshayazad
110520,akshay.dperfect1@gmail.com,9000901220,akshaydperfect1
110521,akshaykundan@yahoo.com,9000901221,akshaykundan
110522,akshit_amit@rediffmail.com,9000901222,akshit_amit
110523,akshrivastava_50@sbi.co.in,9000901223,akshrivastava_50
110524,akshya.biswal@gmail.com,9000901224,akshyabiswal
110525,aksignited@yahoo.com,9000901225,aksignited
110526,aktapapaiyawala@rediffmail.com,9000901226,aktapapaiyawala
110527,akthar03@yahoo.com,9000901227,akthar03
110528,aktyagi.ipr@gmail.com,9000901228,aktyagiipr
110529,akules9944@yahoo.co.in,9000901229,akules9944
110530,akvm_000@rediffmail.com,9000901230,akvm_000
110531,al_deepthi@yahoo.com,9000901231,al_deepthi
110532,alagappanmuthu@yahoo.com,9000901232,alagappanmuthu
110533,alagiri66866@gmail.com,9000901233,alagiri66866
110534,alagu_kct@yahoo.co.in,9000901234,alagu_kct
110535,alakshmanan33@yahoo.com,9000901235,alakshmanan33
110536,alamparwaiz3@gmail.com,9000901236,alamparwaiz3
110537,alapati09@gmail.com,9000901237,alapati09
110538,alaska2870@yahoo.co.in,9000901238,alaska2870
110539,albertjoy@gmail.com,9000901239,albertjoy
110540,alekha.sethi@rediffmail.com,9000901240,alekhasethi
110541,alekharya@bih.in,9000901241,alekharya
110542,alempasha@gmail.com,9000901242,alempasha
110543,alexaccpl@yahoo.in,9000901243,alexaccpl
110544,alfy_john@yahoo.com,9000901244,alfy_john
110545,ali.sandeep@gmail.com,9000901245,alisandeep
110546,alikhan.mba@gmail.com,9000901246,alikhanmba
110547,alim_dewan@rediffmail.com,9000901247,alim_dewan
110548,alimd5945@gmail.com,9000901248,alimd5945
110549,aliyyadnan@yahoo.co.in,9000901249,aliyyadnan
110550,alkaborse@gmail.com,9000901250,alkaborse
